﻿<?xml version="1.0"?>
<doc>
<assembly>
<name>
SatisfactoryProductionCalculator
</name>
</assembly>
<members>
<member name="T:Satisfactory.My.MyWpfExtension">
 <summary>
 Module used to define the properties that are available in the My Namespace for WPF
 </summary>
 <remarks></remarks>
</member>
<member name="P:Satisfactory.My.MyWpfExtension.Application">
 <summary>
 Returns the application object for the running application
 </summary>
</member>
<member name="P:Satisfactory.My.MyWpfExtension.Computer">
 <summary>
 Returns information about the host computer.
 </summary>
</member>
<member name="P:Satisfactory.My.MyWpfExtension.User">
 <summary>
 Returns information for the current user.  If you wish to run the application with the current 
 Windows user credentials, call My.User.InitializeWithWindowsUser().
 </summary>
</member>
<member name="P:Satisfactory.My.MyWpfExtension.Log">
 <summary>
 Returns the application log. The listeners can be configured by the application's configuration file.
 </summary>
</member>
<member name="P:Satisfactory.My.MyWpfExtension.Windows">
 <summary>
 Returns the collection of Windows defined in the project.
 </summary>
</member>
<member name="T:Satisfactory.My.Resources.Resources">
<summary>
  A strongly-typed resource class, for looking up localized strings, etc.
</summary>
</member>
<member name="P:Satisfactory.My.Resources.Resources.ResourceManager">
<summary>
  Returns the cached ResourceManager instance used by this class.
</summary>
</member>
<member name="P:Satisfactory.My.Resources.Resources.Culture">
<summary>
  Overrides the current thread's CurrentUICulture property for all
  resource lookups using this strongly typed resource class.
</summary>
</member>
<member name="T:Satisfactory.Application">
<summary>
Application
</summary>
</member>
<member name="M:Satisfactory.Application.InitializeComponent">
<summary>
InitializeComponent
</summary>
</member>
<member name="M:Satisfactory.Application.Main">
<summary>
Application Entry Point.
</summary>
</member>
<member name="T:Satisfactory.MainWindow">
<summary>
MainWindow
</summary>
</member>
<member name="M:Satisfactory.MainWindow.InitializeComponent">
<summary>
InitializeComponent
</summary>
</member>
<member name="T:Satisfactory.XamlGeneratedNamespace.GeneratedInternalTypeHelper">
<summary>
GeneratedInternalTypeHelper
</summary>
</member>
<member name="M:Satisfactory.XamlGeneratedNamespace.GeneratedInternalTypeHelper.CreateInstance(System.Type,System.Globalization.CultureInfo)">
<summary>
CreateInstance
</summary>
</member>
<member name="M:Satisfactory.XamlGeneratedNamespace.GeneratedInternalTypeHelper.GetPropertyValue(System.Reflection.PropertyInfo,System.Object,System.Globalization.CultureInfo)">
<summary>
GetPropertyValue
</summary>
</member>
<member name="M:Satisfactory.XamlGeneratedNamespace.GeneratedInternalTypeHelper.SetPropertyValue(System.Reflection.PropertyInfo,System.Object,System.Object,System.Globalization.CultureInfo)">
<summary>
SetPropertyValue
</summary>
</member>
<member name="M:Satisfactory.XamlGeneratedNamespace.GeneratedInternalTypeHelper.CreateDelegate(System.Type,System.Object,System.String)">
<summary>
CreateDelegate
</summary>
</member>
<member name="M:Satisfactory.XamlGeneratedNamespace.GeneratedInternalTypeHelper.AddEventHandler(System.Reflection.EventInfo,System.Object,System.Delegate)">
<summary>
AddEventHandler
</summary>
</member>
</members>
</doc>
